Position,Bx,By,Bz,MagneticFieldMagnitude
-1.0,-0.48,-1.1199999999999999,0.7000000000000001,1.4062758493975345
-0.9,-0.4,-1.1,0.7000000000000001,1.3638181696985856
-0.8,-0.38,-1.1199999999999999,0.7000000000000001,1.3750093109203636
-0.7000000000000001,-0.34,-1.1,0.68,1.3401437987538205
