Position,Bx,By,Bz,MagneticFieldMagnitude
0.0,-0.52,-0.7000000000000001,0.7000000000000001,1.118759658568558
0.25,-0.5,-0.7000000000000001,0.66,1.0849557296526258
0.5,-0.5800000000000001,-0.66,0.64,1.0897617696340305
0.75,-0.5,-0.7000000000000001,0.7000000000000001,1.1090536506409419
