Position,Bx,By,Bz,MagneticFieldMagnitude
-1.0,-0.42000000000000004,-1.12,0.68,1.3772422989798117
-0.9,-0.42000000000000004,-1.2,0.7000000000000001,1.4543961997560797
-0.8,-0.33999999999999997,-1.06,0.7600000000000001,1.3495125997776525
-0.7000000000000001,-0.4,-1.1800000000000002,0.7000000000000001,1.4293102175237942
